What They Call Him (Skit),The Rude Awakening,Cocoa Brovas,60.7,0.092,0.391,1998ø
Won On Won,The Rude Awakening,Cocoa Brovas,238.0,0.509,0.368,1997ø
The Cash,The Rude Awakening,Cocoa Brovas,237.7,0.509,0.368,1998ø
Still Standin' Strong,The Rude Awakening,Cocoa Brovas,240.9,0.509,0.368,1998ø
Spanish Harlem,The Rude Awakening,Cocoa Brovas,249.4,0.509,0.368,1998ø
Off the Wall,The Rude Awakening,Cocoa Brovas,313.9,0.509,0.368,1998ø
Myah Angelow,The Rude Awakening,Cocoa Brovas,312.6,0.509,0.368,1998ø
Money Talks,The Rude Awakening,Cocoa Brovas,49.1,0.509,0.368,1998ø
Live At The Garden (Skit),The Rude Awakening,Cocoa Brovas,41.0,0.509,0.368,1998ø
Hold It Down,The Rude Awakening,Cocoa Brovas,296.4,0.509,0.368,1998ø
Game Of Life,The Rude Awakening,Cocoa Brovas,347.3,0.509,0.368,1998ø
Dry Snitch,The Rude Awakening,Cocoa Brovas,270.5,0.509,0.368,1998ø
Bucktown USA,The Rude Awakening,Cocoa Brovas,240.6,0.509,0.368,1998ø
Blown Away,The Rude Awakening,Cocoa Brovas,262.4,0.509,0.368,1998ø
Black Trump,The Rude Awakening,Cocoa Brovas,264.3,0.846,0.368,1997ø
Back 2 Life,The Rude Awakening,Cocoa Brovas,231.4,0.509,0.368,1998ø