You've Got Got,Cut Open,Dwayne Sodahberk,171.9,0.483,0.333,2006ø
White Hand,Cut Open,Dwayne Sodahberk,172.3,0.483,0.333,2006ø
What You Waited For,Partying Without Inhibition Or Dignity E.P.,Dwayne Sodahberk,259.9,0.483,0.333,2003ø
What I Can Do If You Don't Listen,Don't Want To Know You,Dwayne Sodahberk,357.0,0.483,0.333,2002ø
Walk Me To The Corner,Don't Want To Know You,Dwayne Sodahberk,251.5,0.483,0.333,2002ø
Unfortunately,Unfortunately,Dwayne Sodahberk,162.6,0.483,0.333,2003ø
The Agreeing Song,Unfortunately,Dwayne Sodahberk,171.5,0.483,0.333,2003ø
Tell When You Wake,Cut Open,Dwayne Sodahberk,183.3,0.483,0.333,2006ø
T70 Mk III B,Don't Want To Know You,Dwayne Sodahberk,264.0,0.483,0.333,2002ø
Swichd Weg,Don't Want To Know You,Dwayne Sodahberk,296.5,0.483,0.333,2002ø
Standards,Unfortunately,Dwayne Sodahberk,229.6,0.483,0.333,2003ø
Something Dear,Cut Open,Dwayne Sodahberk,195.6,0.483,0.333,2006ø
Set,Unfortunately,Dwayne Sodahberk,215.1,0.483,0.333,2003ø
Scimitar,Unfortunately,Dwayne Sodahberk,264.0,0.483,0.333,2003ø
Quartet & Light,Unfortunately,Dwayne Sodahberk,147.2,0.483,0.333,2003ø
Praetor,Cut Open,Dwayne Sodahberk,145.8,0.483,0.333,2006ø
Partying Without Inhibition Or Dignity,Partying Without Inhibition Or Dignity E.P.,Dwayne Sodahberk,225.4,0.483,0.333,2003ø
Participateur,Don't Want To Know You,Dwayne Sodahberk,201.9,0.483,0.333,2002ø
On The Way Down,Unfortunately,Dwayne Sodahberk,214.2,0.483,0.333,2003ø
Late Summre,Cut Open,Dwayne Sodahberk,157.0,0.483,0.333,2006ø
Knife Aboard,Cut Open,Dwayne Sodahberk,167.0,0.483,0.333,2006ø
Just Above,Cut Open,Dwayne Sodahberk,107.1,0.483,0.333,2006ø
Jan,Don't Want To Know You,Dwayne Sodahberk,88.0,0.483,0.333,2002ø
Is Ok,Don't Want To Know You,Dwayne Sodahberk,296.2,0.483,0.333,2002ø
Irreversibly,Cut Open,Dwayne Sodahberk,104.6,0.483,0.333,2006ø
In The Shed,Cut Open,Dwayne Sodahberk,147.7,0.483,0.333,2006ø
I Understand You,Don't Want To Know You,Dwayne Sodahberk,166.4,0.483,0.333,2001ø
Good Curse,Unfortunately,Dwayne Sodahberk,227.9,0.483,0.333,2003ø
Formerly,Don't Want To Know You,Dwayne Sodahberk,371.2,0.483,0.333,2002ø
Ends,Partying Without Inhibition Or Dignity E.P.,Dwayne Sodahberk,333.4,0.483,0.333,2003ø
Devoiced,Don't Want To Know You,Dwayne Sodahberk,264.0,0.483,0.333,2002ø
Crumbs,Unfortunately,Dwayne Sodahberk,195.4,0.483,0.333,2003ø
C2fr,240Volts Compilation Vol.1,Dwayne Sodahberk,415.8,0.483,0.333,2000ø
Bunk Debris,Don't Want To Know You,Dwayne Sodahberk,217.5,0.483,0.333,2002ø
Blow,Unfortunately,Dwayne Sodahberk,202.9,0.483,0.333,2003ø
Bird,Unfortunately,Dwayne Sodahberk,240.0,0.483,0.333,2003ø
Beast; On/Off Pt 2,Don't Want To Know You,Dwayne Sodahberk,139.2,0.483,0.333,2002ø
710,Cut Open,Dwayne Sodahberk,165.5,0.483,0.333,2006ø