The Secret Life of the Future,Humandust,Earthling,261.1,0.574,0.412,2004ø
Soup Or No Soup,Radar,Earthling,404.6,0.574,0.412,1995ø
Saturated,Humandust,Earthling,382.2,0.574,0.412,2004ø
Nefisa (Portishead Mix),Off The Radar,Earthling,341.4,0.574,0.412,1995ø
Nefisa (Electronique),Off The Radar,Earthling,329.2,0.574,0.412,1995ø
Nefisa,Radar,Earthling,353.5,0.574,0.412,1995ø
Miracle Town,Humandust,Earthling,268.4,0.574,0.412,2004ø
Me & My Sister,Humandust,Earthling,213.1,0.574,0.412,2004ø
Humandust,Humandust,Earthling,298.7,0.574,0.412,2004ø
Haunted Head,Humandust,Earthling,278.8,0.574,0.412,2004ø
God's Interlude,Radar,Earthling,63.0,0.574,0.412,1995ø
Freak Freak,Radar,Earthling,222.7,0.574,0.412,1995ø
Echo On My Mind Part II (Main Mix),Off The Radar,Earthling,377.3,0.574,0.412,1995ø
Echo On My Mind (Starmix),Off The Radar,Earthling,328.5,0.574,0.412,1995ø
Echo On My Mind,Radar,Earthling,418.7,0.574,0.412,1995ø
Coburn,Humandust,Earthling,300.2,0.574,0.412,2004ø
By Means Of Beams,Radar,Earthling,304.2,0.574,0.412,1995ø
Box,Humandust,Earthling,266.7,0.574,0.412,2004ø
Black Thunderbird,Humandust,Earthling,290.4,0.574,0.412,2004ø
Ananada's Theme,Radar,Earthling,189.0,0.574,0.412,1995ø
1st Transmission (Earthead),Off The Radar,Earthling,268.8,0.574,0.412,1994ø
1st Transmission (Bombay Mix),Off The Radar,Earthling,321.9,0.574,0.412,1994ø
1st Transmission,Radar,Earthling,412.4,0.574,0.412,1994ø