Y'Mare Me Shake,Ampgrave,Lullabye Arkestra,178.8,0.522,0.351,2006ø
We Fuck the Night,Threats / Worship,Lullabye Arkestra,272.2,0.522,0.351,2009ø
Unite!!!!!!!!!!!!!!!!!!!!!!!!!!!,Ampgrave,Lullabye Arkestra,388.2,0.522,0.351,2006ø
This is a Storm,Threats / Worship,Lullabye Arkestra,179.8,0.522,0.351,2009ø
Telepathic President,Threats / Worship,Lullabye Arkestra,124.6,0.522,0.351,2009ø
Surviving the Year of Wolves,Threats / Worship,Lullabye Arkestra,199.9,0.522,0.351,2009ø
Sad Sad Story,Threats / Worship,Lullabye Arkestra,250.5,0.522,0.351,2009ø
Nation of Two,Ampgrave,Lullabye Arkestra,103.3,0.522,0.351,2006ø
Icy Hands,Threats / Worship,Lullabye Arkestra,143.6,0.522,0.351,2009ø
Get Nervous,Threats / Worship,Lullabye Arkestra,279.2,0.522,0.351,2009ø
Floating Graveyards,Threats / Worship,Lullabye Arkestra,335.0,0.522,0.351,2009ø
Euroshima,Threats / Worship,Lullabye Arkestra,223.6,0.522,0.351,2009ø
Come Out_ Come Out,Ampgrave,Lullabye Arkestra,238.4,0.522,0.351,2006ø
Bulldozer of Love,Ampgrave,Lullabye Arkestra,259.0,0.522,0.351,2006ø
Ass Worship,Ampgrave,Lullabye Arkestra,273.5,0.522,0.351,2006ø
All I Can Give Ya,Ampgrave,Lullabye Arkestra,294.6,0.522,0.351,2002ø