Wouldn't It Be Nice,Still Cruisin',The Beach Boys,145.0,0.826,0.601,1966ø
We Three Kings Of Orient Are,Christmas Harmonies,The Beach Boys,245.5,0.826,0.601,1964ø
The Warmth Of The Sun (2007 Digital Remaster),The Warmth Of The Sun,The Beach Boys,170.0,0.826,0.601,2007ø
The Man With All The Toys,Christmas Harmonies,The Beach Boys,90.7,0.826,0.601,1964ø
Surfer Girl,LIVE AT KNEBWORTH 1980,The Beach Boys,153.5,0.826,0.601,1963ø
Little Saint Nick,Christmas With The Stars,The Beach Boys,117.6,0.826,0.601,1963ø
Keepin' The Summer Alive,LIVE AT KNEBWORTH 1980,The Beach Boys,221.8,0.826,0.601,1980ø
I Get Around (Mono),Still Cruisin',The Beach Boys,132.9,0.826,0.601,2009ø
Hang On To Your Ego (Stereo Backing Track),The Pet Sounds Sessions: A 30th Anniversary Collection,The Beach Boys,203.4,0.826,0.601,1997ø
Frosty The Snowman,Merry Christmas From The Beach Boys,The Beach Boys,115.0,0.826,0.601,1964ø
Do It Again,Original Hits - Number 1s,The Beach Boys,134.3,0.826,0.601,1968ø
Blue Christmas (Remixed 1991),Ultimate Christmas,The Beach Boys,192.2,0.826,0.601,1998ø
You're So Good To Me (Instrumental),20 Great Love Songs,The Beach Boys,134.3,0.785,0.558,1993ø
You're So Good To Me (2007 Digital Remaster),The Warmth Of The Sun,The Beach Boys,135.3,0.785,0.558,2007ø
You Still Believe In Me (Highlights From Tracking Date),The Pet Sounds Sessions: A 30th Anniversary Collection,The Beach Boys,71.5,0.785,0.558,1997ø
Wild Honey (2001 Digital Remaster),The Very Best Of The Beach Boys,The Beach Boys,158.6,0.785,0.558,2001ø
Why Do Fools Fall In Love (Mono),20 Great Love Songs,The Beach Boys,117.1,0.785,0.558,1993ø
What Is a Young Girl Made of,Intro: The Beach Boys - EP,The Beach Boys,120.8,0.785,0.558,1985ø
Trombone Dixie (Highlights From Tracking Date),The Pet Sounds Sessions: A 30th Anniversary Collection,The Beach Boys,86.2,0.785,0.558,1997ø
Time To Get Alone (2009 New Stereo Mix),Summer Love Songs,The Beach Boys,176.7,0.785,0.558,2009ø
The Little Girl I Once Knew (2005 Digital Remaster),The Warmth Of The Sun,The Beach Boys,154.6,0.785,0.558,2007ø
Summertime Blues,Greatest Surfing Songs (USA Only),The Beach Boys,130.8,0.785,0.558,1962ø
Summer Means New Love,The Originals,The Beach Boys,121.6,0.785,0.558,1965ø
Still Cruisin',Still Cruisin',The Beach Boys,216.3,0.785,0.558,1989ø
Santa Claus Is Comin' To Town,Christmas Harmonies,The Beach Boys,141.1,0.785,0.558,1988ø
Sail Plane Song,Endless Harmony Soundtrack,The Beach Boys,133.3,0.785,0.558,1998ø
Merry Christmas_ Baby (Remixed 1991),Christmas With The Beach Boys,The Beach Boys,143.0,0.785,0.558,2004ø
Let's Go Away For Awhile (Highlights From Tracking Date),The Pet Sounds Sessions: A 30th Anniversary Collection,The Beach Boys,140.2,0.785,0.558,1997ø
It's O.K. (2000 Digital Remaster),The Warmth Of The Sun,The Beach Boys,132.4,0.785,0.558,2007ø
In My Room (Demo),Essential Beach Boys: Perfect Harmony (Limited Edition Package),The Beach Boys,154.6,0.785,0.558,1993ø
I'm So Young,20 Great Love Songs,The Beach Boys,150.4,0.785,0.558,1965ø
Heroes And Villains (2001 Digital Remaster),The Very Best Of The Beach Boys,The Beach Boys,218.4,0.785,0.558,2001ø
Hawaii,Spirit Of America,The Beach Boys,121.1,0.785,0.558,1963ø
Good Timin',The Very Best Of The Beach Boys: Sounds Of Summer,The Beach Boys,134.4,0.785,0.558,1979ø
Girls On The Beach (2009 Digital Remaster w/Outro),Summer Love Songs,The Beach Boys,180.9,0.785,0.558,2009ø
Girl Don't Tell Me,Endless Summer,The Beach Boys,140.6,0.785,0.558,1965ø
Fallin' In Love,Summer Love Songs,The Beach Boys,183.4,0.785,0.558,2009ø
Don't Talk (Put Your Head On My Shoulder) (Brian's Instrumental Demo),The Pet Sounds Sessions: A 30th Anniversary Collection,The Beach Boys,140.7,0.785,0.558,1997ø
Custom Machine,Spirit Of America,The Beach Boys,97.0,0.785,0.558,1963ø
California Saga (On My Way To Sunny Californ-i-a) (1999 Digital Remaster),The Warmth Of The Sun,The Beach Boys,202.0,0.785,0.558,2007ø
Auld Lang Syne (Alternate Mix) (Remixed 91),Christmas With The Beach Boys,The Beach Boys,85.6,0.785,0.558,2004ø
All Summer Long,Endless Summer,The Beach Boys,127.8,0.785,0.558,1964ø